{
  "project_info": {
    "project_number": "714271758587",
    "firebase_url": "https://chatapp-9849c.firebaseio.com",
    "project_id": "chatapp-9849c",
    "storage_bucket": "chatapp-9849c.appspot.com"
  },
  "client": [
    {
      "client_info": {
        "mobilesdk_app_id": "1:714271758587:android:6701ee4ed6b9045353b85e",
        "android_client_info": {
          "package_name": "com.example.chatapp"
        }
      },
      "oauth_client": [
        {
          "client_id": "714271758587-fsue9f805hhp54bkpa3h5jhgvbovr139.apps.googleusercontent.com",
          "client_type": 1,
          "android_info": {
            "package_name": "com.example.chatapp",
            "certificate_hash": "e32bb730f2d809c0e057fde2ddf3f673c53ebd99"
          }
        },
        {
          "client_id": "714271758587-fufk606erng2a5rt4gl7tem5t79pmdou.apps.googleusercontent.com",
          "client_type": 3
        }
      ],
      "api_key": [
        {
          "current_key": "AIzaSyANSBSocy5TEWQjiefP7cWwAqgYkmJwUN8"
        }
      ],
      "services": {
        "appinvite_service": {
          "other_platform_oauth_client": [
            {
              "client_id": "714271758587-fufk606erng2a5rt4gl7tem5t79pmdou.apps.googleusercontent.com",
              "client_type": 3
            }
          ]
        }
      }
    }
  ],
  "configuration_version": "1"
}